send_time,send_id,receive_time,receive_id,duration
2024-01-17 13:05:29.96196,d806486288e622f4b99b586c633e4506867f1efab8e63c7dfd4aa591e68ac4418035a58926ad413bf59c77dc70254917e3f0e92e50ce7f02e5c13d5bef552163,2024-01-17 13:05:32.96300,06b20bf2caf416291caeb6a48e61d1ece674410b472189f86a64115d16cbf8854b37a3a0a48efd90f10fa8ac67ad3391fd090d2e3f207ec2f310418662d9ab5e,3.000104s
2024-01-17 13:05:29.96489,d806486288e622f4b99b586c633e4506867f1efab8e63c7dfd4aa591e68ac4418035a58926ad413bf59c77dc70254917e3f0e92e50ce7f02e5c13d5bef552163,2024-01-17 13:05:32.96516,cfba18c66fadc95c81e57cd829102b9e8fe21a4f34e715ff6edf3946e086cbee34274e7ace54249e40ca47ccba86216c9d1ec26a23ea40d76a3ba96e65ce8382,3.000027s
2024-01-17 13:05:39.95629,d806486288e622f4b99b586c633e4506867f1efab8e63c7dfd4aa591e68ac4418035a58926ad413bf59c77dc70254917e3f0e92e50ce7f02e5c13d5bef552163,2024-01-17 13:05:42.95638,1ccc06e1f4e2ff5e7781ce84775d9967dbb8a764b8adecfcd9c2bb5417e89e289dd2df9d7d542c4940b6df0348ef50c3d7f57fed6ead2eb56cc3815ce9d972b4,3.000009s
2024-01-17 17:36:59.88313,d806486288e622f4b99b586c633e4506867f1efab8e63c7dfd4aa591e68ac4418035a58926ad413bf59c77dc70254917e3f0e92e50ce7f02e5c13d5bef552163,2024-01-17 17:37:02.88398,06b20bf2caf416291caeb6a48e61d1ece674410b472189f86a64115d16cbf8854b37a3a0a48efd90f10fa8ac67ad3391fd090d2e3f207ec2f310418662d9ab5e,3.000085s
2024-01-17 17:36:59.90195,d806486288e622f4b99b586c633e4506867f1efab8e63c7dfd4aa591e68ac4418035a58926ad413bf59c77dc70254917e3f0e92e50ce7f02e5c13d5bef552163,2024-01-17 17:37:02.90402,cfba18c66fadc95c81e57cd829102b9e8fe21a4f34e715ff6edf3946e086cbee34274e7ace54249e40ca47ccba86216c9d1ec26a23ea40d76a3ba96e65ce8382,3.000207s
2024-01-17 17:36:59.90209,d806486288e622f4b99b586c633e4506867f1efab8e63c7dfd4aa591e68ac4418035a58926ad413bf59c77dc70254917e3f0e92e50ce7f02e5c13d5bef552163,2024-01-17 17:37:02.90402,1ccc06e1f4e2ff5e7781ce84775d9967dbb8a764b8adecfcd9c2bb5417e89e289dd2df9d7d542c4940b6df0348ef50c3d7f57fed6ead2eb56cc3815ce9d972b4,3.000193s
2024-01-17 18:52:32.26744,d806486288e622f4b99b586c633e4506867f1efab8e63c7dfd4aa591e68ac4418035a58926ad413bf59c77dc70254917e3f0e92e50ce7f02e5c13d5bef552163,2024-01-17 18:52:35.26759,06b20bf2caf416291caeb6a48e61d1ece674410b472189f86a64115d16cbf8854b37a3a0a48efd90f10fa8ac67ad3391fd090d2e3f207ec2f310418662d9ab5e,3.000015s
2024-01-17 18:52:42.50667,d806486288e622f4b99b586c633e4506867f1efab8e63c7dfd4aa591e68ac4418035a58926ad413bf59c77dc70254917e3f0e92e50ce7f02e5c13d5bef552163,2024-01-17 18:52:45.50948,cfba18c66fadc95c81e57cd829102b9e8fe21a4f34e715ff6edf3946e086cbee34274e7ace54249e40ca47ccba86216c9d1ec26a23ea40d76a3ba96e65ce8382,3.000281s
2024-01-17 18:52:42.51148,d806486288e622f4b99b586c633e4506867f1efab8e63c7dfd4aa591e68ac4418035a58926ad413bf59c77dc70254917e3f0e92e50ce7f02e5c13d5bef552163,2024-01-17 18:52:45.51174,1ccc06e1f4e2ff5e7781ce84775d9967dbb8a764b8adecfcd9c2bb5417e89e289dd2df9d7d542c4940b6df0348ef50c3d7f57fed6ead2eb56cc3815ce9d972b4,3.000026s
2024-01-17 19:03:41.74657,d806486288e622f4b99b586c633e4506867f1efab8e63c7dfd4aa591e68ac4418035a58926ad413bf59c77dc70254917e3f0e92e50ce7f02e5c13d5bef552163,2024-01-17 19:03:41.75363,1ccc06e1f4e2ff5e7781ce84775d9967dbb8a764b8adecfcd9c2bb5417e89e289dd2df9d7d542c4940b6df0348ef50c3d7f57fed6ead2eb56cc3815ce9d972b4,0.000706s
2024-01-17 19:03:41.75398,d806486288e622f4b99b586c633e4506867f1efab8e63c7dfd4aa591e68ac4418035a58926ad413bf59c77dc70254917e3f0e92e50ce7f02e5c13d5bef552163,2024-01-17 19:03:41.75839,06b20bf2caf416291caeb6a48e61d1ece674410b472189f86a64115d16cbf8854b37a3a0a48efd90f10fa8ac67ad3391fd090d2e3f207ec2f310418662d9ab5e,0.000441s
2024-01-17 19:03:41.75361,d806486288e622f4b99b586c633e4506867f1efab8e63c7dfd4aa591e68ac4418035a58926ad413bf59c77dc70254917e3f0e92e50ce7f02e5c13d5bef552163,2024-01-17 19:09:03.18792,cfba18c66fadc95c81e57cd829102b9e8fe21a4f34e715ff6edf3946e086cbee34274e7ace54249e40ca47ccba86216c9d1ec26a23ea40d76a3ba96e65ce8382,321.943431s
2024-01-17 19:09:03.20360,d806486288e622f4b99b586c633e4506867f1efab8e63c7dfd4aa591e68ac4418035a58926ad413bf59c77dc70254917e3f0e92e50ce7f02e5c13d5bef552163,2024-01-17 19:09:03.20569,1ccc06e1f4e2ff5e7781ce84775d9967dbb8a764b8adecfcd9c2bb5417e89e289dd2df9d7d542c4940b6df0348ef50c3d7f57fed6ead2eb56cc3815ce9d972b4,0.000209s
2024-01-17 19:09:03.20606,d806486288e622f4b99b586c633e4506867f1efab8e63c7dfd4aa591e68ac4418035a58926ad413bf59c77dc70254917e3f0e92e50ce7f02e5c13d5bef552163,2024-01-17 19:09:06.20681,06b20bf2caf416291caeb6a48e61d1ece674410b472189f86a64115d16cbf8854b37a3a0a48efd90f10fa8ac67ad3391fd090d2e3f207ec2f310418662d9ab5e,3.000075s
2024-01-17 19:29:33.97695,d806486288e622f4b99b586c633e4506867f1efab8e63c7dfd4aa591e68ac4418035a58926ad413bf59c77dc70254917e3f0e92e50ce7f02e5c13d5bef552163,2024-01-17 19:29:36.97834,1ccc06e1f4e2ff5e7781ce84775d9967dbb8a764b8adecfcd9c2bb5417e89e289dd2df9d7d542c4940b6df0348ef50c3d7f57fed6ead2eb56cc3815ce9d972b4,3.000139s
2024-01-17 19:29:33.98284,d806486288e622f4b99b586c633e4506867f1efab8e63c7dfd4aa591e68ac4418035a58926ad413bf59c77dc70254917e3f0e92e50ce7f02e5c13d5bef552163,2024-01-17 19:29:36.98402,cfba18c66fadc95c81e57cd829102b9e8fe21a4f34e715ff6edf3946e086cbee34274e7ace54249e40ca47ccba86216c9d1ec26a23ea40d76a3ba96e65ce8382,3.000118s
2024-01-17 19:29:48.11500,d806486288e622f4b99b586c633e4506867f1efab8e63c7dfd4aa591e68ac4418035a58926ad413bf59c77dc70254917e3f0e92e50ce7f02e5c13d5bef552163,2024-01-17 19:29:51.11681,06b20bf2caf416291caeb6a48e61d1ece674410b472189f86a64115d16cbf8854b37a3a0a48efd90f10fa8ac67ad3391fd090d2e3f207ec2f310418662d9ab5e,3.000181s
2024-01-17 20:04:34.46559,d806486288e622f4b99b586c633e4506867f1efab8e63c7dfd4aa591e68ac4418035a58926ad413bf59c77dc70254917e3f0e92e50ce7f02e5c13d5bef552163,2024-01-17 20:04:34.46967,cfba18c66fadc95c81e57cd829102b9e8fe21a4f34e715ff6edf3946e086cbee34274e7ace54249e40ca47ccba86216c9d1ec26a23ea40d76a3ba96e65ce8382,0.000408s
2024-01-17 20:04:34.46623,d806486288e622f4b99b586c633e4506867f1efab8e63c7dfd4aa591e68ac4418035a58926ad413bf59c77dc70254917e3f0e92e50ce7f02e5c13d5bef552163,2024-01-17 20:04:37.46723,06b20bf2caf416291caeb6a48e61d1ece674410b472189f86a64115d16cbf8854b37a3a0a48efd90f10fa8ac67ad3391fd090d2e3f207ec2f310418662d9ab5e,3.000100s
2024-01-17 20:04:34.46587,d806486288e622f4b99b586c633e4506867f1efab8e63c7dfd4aa591e68ac4418035a58926ad413bf59c77dc70254917e3f0e92e50ce7f02e5c13d5bef552163,2024-01-17 20:04:37.46723,1ccc06e1f4e2ff5e7781ce84775d9967dbb8a764b8adecfcd9c2bb5417e89e289dd2df9d7d542c4940b6df0348ef50c3d7f57fed6ead2eb56cc3815ce9d972b4,3.000136s
2024-01-17 20:12:35.77548,d806486288e622f4b99b586c633e4506867f1efab8e63c7dfd4aa591e68ac4418035a58926ad413bf59c77dc70254917e3f0e92e50ce7f02e5c13d5bef552163,2024-01-17 20:12:38.77588,cfba18c66fadc95c81e57cd829102b9e8fe21a4f34e715ff6edf3946e086cbee34274e7ace54249e40ca47ccba86216c9d1ec26a23ea40d76a3ba96e65ce8382,3.000040s
2024-01-17 20:27:30.31588,d806486288e622f4b99b586c633e4506867f1efab8e63c7dfd4aa591e68ac4418035a58926ad413bf59c77dc70254917e3f0e92e50ce7f02e5c13d5bef552163,2024-01-17 20:27:30.31792,1ccc06e1f4e2ff5e7781ce84775d9967dbb8a764b8adecfcd9c2bb5417e89e289dd2df9d7d542c4940b6df0348ef50c3d7f57fed6ead2eb56cc3815ce9d972b4,0.000204s
2024-01-17 20:27:30.31787,d806486288e622f4b99b586c633e4506867f1efab8e63c7dfd4aa591e68ac4418035a58926ad413bf59c77dc70254917e3f0e92e50ce7f02e5c13d5bef552163,2024-01-17 20:27:30.32233,06b20bf2caf416291caeb6a48e61d1ece674410b472189f86a64115d16cbf8854b37a3a0a48efd90f10fa8ac67ad3391fd090d2e3f207ec2f310418662d9ab5e,0.000446s
2024-01-17 20:28:48.02446,d806486288e622f4b99b586c633e4506867f1efab8e63c7dfd4aa591e68ac4418035a58926ad413bf59c77dc70254917e3f0e92e50ce7f02e5c13d5bef552163,2024-01-17 20:28:51.02587,06b20bf2caf416291caeb6a48e61d1ece674410b472189f86a64115d16cbf8854b37a3a0a48efd90f10fa8ac67ad3391fd090d2e3f207ec2f310418662d9ab5e,3.000141s
2024-01-17 20:28:48.02923,d806486288e622f4b99b586c633e4506867f1efab8e63c7dfd4aa591e68ac4418035a58926ad413bf59c77dc70254917e3f0e92e50ce7f02e5c13d5bef552163,2024-01-17 20:28:51.02946,1ccc06e1f4e2ff5e7781ce84775d9967dbb8a764b8adecfcd9c2bb5417e89e289dd2df9d7d542c4940b6df0348ef50c3d7f57fed6ead2eb56cc3815ce9d972b4,3.000023s
2024-01-17 20:28:48.03795,d806486288e622f4b99b586c633e4506867f1efab8e63c7dfd4aa591e68ac4418035a58926ad413bf59c77dc70254917e3f0e92e50ce7f02e5c13d5bef552163,2024-01-17 20:28:51.04001,cfba18c66fadc95c81e57cd829102b9e8fe21a4f34e715ff6edf3946e086cbee34274e7ace54249e40ca47ccba86216c9d1ec26a23ea40d76a3ba96e65ce8382,3.000206s
2024-01-17 20:36:02.52385,d806486288e622f4b99b586c633e4506867f1efab8e63c7dfd4aa591e68ac4418035a58926ad413bf59c77dc70254917e3f0e92e50ce7f02e5c13d5bef552163,2024-01-17 20:36:05.52597,06b20bf2caf416291caeb6a48e61d1ece674410b472189f86a64115d16cbf8854b37a3a0a48efd90f10fa8ac67ad3391fd090d2e3f207ec2f310418662d9ab5e,3.000212s
2024-01-17 20:36:02.52405,d806486288e622f4b99b586c633e4506867f1efab8e63c7dfd4aa591e68ac4418035a58926ad413bf59c77dc70254917e3f0e92e50ce7f02e5c13d5bef552163,2024-01-17 20:36:05.52597,cfba18c66fadc95c81e57cd829102b9e8fe21a4f34e715ff6edf3946e086cbee34274e7ace54249e40ca47ccba86216c9d1ec26a23ea40d76a3ba96e65ce8382,3.000192s
2024-01-17 20:36:02.52696,d806486288e622f4b99b586c633e4506867f1efab8e63c7dfd4aa591e68ac4418035a58926ad413bf59c77dc70254917e3f0e92e50ce7f02e5c13d5bef552163,2024-01-17 20:36:05.52726,1ccc06e1f4e2ff5e7781ce84775d9967dbb8a764b8adecfcd9c2bb5417e89e289dd2df9d7d542c4940b6df0348ef50c3d7f57fed6ead2eb56cc3815ce9d972b4,3.000030s
2024-01-17 20:45:25.45336,d806486288e622f4b99b586c633e4506867f1efab8e63c7dfd4aa591e68ac4418035a58926ad413bf59c77dc70254917e3f0e92e50ce7f02e5c13d5bef552163,2024-01-17 20:45:25.45742,06b20bf2caf416291caeb6a48e61d1ece674410b472189f86a64115d16cbf8854b37a3a0a48efd90f10fa8ac67ad3391fd090d2e3f207ec2f310418662d9ab5e,0.000406s
2024-01-17 20:45:25.45317,d806486288e622f4b99b586c633e4506867f1efab8e63c7dfd4aa591e68ac4418035a58926ad413bf59c77dc70254917e3f0e92e50ce7f02e5c13d5bef552163,2024-01-17 20:45:28.45475,1ccc06e1f4e2ff5e7781ce84775d9967dbb8a764b8adecfcd9c2bb5417e89e289dd2df9d7d542c4940b6df0348ef50c3d7f57fed6ead2eb56cc3815ce9d972b4,3.000158s
2024-01-17 20:45:25.45647,d806486288e622f4b99b586c633e4506867f1efab8e63c7dfd4aa591e68ac4418035a58926ad413bf59c77dc70254917e3f0e92e50ce7f02e5c13d5bef552163,2024-01-17 20:45:28.45695,cfba18c66fadc95c81e57cd829102b9e8fe21a4f34e715ff6edf3946e086cbee34274e7ace54249e40ca47ccba86216c9d1ec26a23ea40d76a3ba96e65ce8382,3.000048s
2024-01-17 20:45:35.43571,d806486288e622f4b99b586c633e4506867f1efab8e63c7dfd4aa591e68ac4418035a58926ad413bf59c77dc70254917e3f0e92e50ce7f02e5c13d5bef552163,2024-01-17 20:45:35.44017,06b20bf2caf416291caeb6a48e61d1ece674410b472189f86a64115d16cbf8854b37a3a0a48efd90f10fa8ac67ad3391fd090d2e3f207ec2f310418662d9ab5e,0.000446s
2024-01-17 20:45:45.43831,d806486288e622f4b99b586c633e4506867f1efab8e63c7dfd4aa591e68ac4418035a58926ad413bf59c77dc70254917e3f0e92e50ce7f02e5c13d5bef552163,2024-01-17 20:45:48.43955,06b20bf2caf416291caeb6a48e61d1ece674410b472189f86a64115d16cbf8854b37a3a0a48efd90f10fa8ac67ad3391fd090d2e3f207ec2f310418662d9ab5e,3.000124s
2024-01-17 20:47:08.31228,d806486288e622f4b99b586c633e4506867f1efab8e63c7dfd4aa591e68ac4418035a58926ad413bf59c77dc70254917e3f0e92e50ce7f02e5c13d5bef552163,2024-01-17 20:47:08.32606,1ccc06e1f4e2ff5e7781ce84775d9967dbb8a764b8adecfcd9c2bb5417e89e289dd2df9d7d542c4940b6df0348ef50c3d7f57fed6ead2eb56cc3815ce9d972b4,0.001378s
2024-01-17 20:47:08.30761,d806486288e622f4b99b586c633e4506867f1efab8e63c7dfd4aa591e68ac4418035a58926ad413bf59c77dc70254917e3f0e92e50ce7f02e5c13d5bef552163,2024-01-17 20:47:11.30960,06b20bf2caf416291caeb6a48e61d1ece674410b472189f86a64115d16cbf8854b37a3a0a48efd90f10fa8ac67ad3391fd090d2e3f207ec2f310418662d9ab5e,3.000199s
2024-01-17 20:47:08.32181,d806486288e622f4b99b586c633e4506867f1efab8e63c7dfd4aa591e68ac4418035a58926ad413bf59c77dc70254917e3f0e92e50ce7f02e5c13d5bef552163,2024-01-17 20:47:11.32328,cfba18c66fadc95c81e57cd829102b9e8fe21a4f34e715ff6edf3946e086cbee34274e7ace54249e40ca47ccba86216c9d1ec26a23ea40d76a3ba96e65ce8382,3.000147s
2024-01-17 21:05:31.54701,d806486288e622f4b99b586c633e4506867f1efab8e63c7dfd4aa591e68ac4418035a58926ad413bf59c77dc70254917e3f0e92e50ce7f02e5c13d5bef552163,2024-01-17 21:05:31.55380,1ccc06e1f4e2ff5e7781ce84775d9967dbb8a764b8adecfcd9c2bb5417e89e289dd2df9d7d542c4940b6df0348ef50c3d7f57fed6ead2eb56cc3815ce9d972b4,0.000679s
2024-01-17 21:05:41.57361,d806486288e622f4b99b586c633e4506867f1efab8e63c7dfd4aa591e68ac4418035a58926ad413bf59c77dc70254917e3f0e92e50ce7f02e5c13d5bef552163,2024-01-17 21:05:41.57449,1ccc06e1f4e2ff5e7781ce84775d9967dbb8a764b8adecfcd9c2bb5417e89e289dd2df9d7d542c4940b6df0348ef50c3d7f57fed6ead2eb56cc3815ce9d972b4,0.000088s
2024-01-17 21:05:41.56478,d806486288e622f4b99b586c633e4506867f1efab8e63c7dfd4aa591e68ac4418035a58926ad413bf59c77dc70254917e3f0e92e50ce7f02e5c13d5bef552163,2024-01-17 21:05:44.56684,06b20bf2caf416291caeb6a48e61d1ece674410b472189f86a64115d16cbf8854b37a3a0a48efd90f10fa8ac67ad3391fd090d2e3f207ec2f310418662d9ab5e,3.000206s
2024-01-17 21:05:41.57401,d806486288e622f4b99b586c633e4506867f1efab8e63c7dfd4aa591e68ac4418035a58926ad413bf59c77dc70254917e3f0e92e50ce7f02e5c13d5bef552163,2024-01-17 21:05:44.57447,cfba18c66fadc95c81e57cd829102b9e8fe21a4f34e715ff6edf3946e086cbee34274e7ace54249e40ca47ccba86216c9d1ec26a23ea40d76a3ba96e65ce8382,3.000046s
2024-01-17 21:05:51.55472,d806486288e622f4b99b586c633e4506867f1efab8e63c7dfd4aa591e68ac4418035a58926ad413bf59c77dc70254917e3f0e92e50ce7f02e5c13d5bef552163,2024-01-17 21:55:26.80791,1ccc06e1f4e2ff5e7781ce84775d9967dbb8a764b8adecfcd9c2bb5417e89e289dd2df9d7d542c4940b6df0348ef50c3d7f57fed6ead2eb56cc3815ce9d972b4,2975.025319s
2024-01-17 21:55:26.83184,d806486288e622f4b99b586c633e4506867f1efab8e63c7dfd4aa591e68ac4418035a58926ad413bf59c77dc70254917e3f0e92e50ce7f02e5c13d5bef552163,2024-01-17 21:55:29.83466,cfba18c66fadc95c81e57cd829102b9e8fe21a4f34e715ff6edf3946e086cbee34274e7ace54249e40ca47ccba86216c9d1ec26a23ea40d76a3ba96e65ce8382,3.000282s
2024-01-17 21:58:12.11950,d806486288e622f4b99b586c633e4506867f1efab8e63c7dfd4aa591e68ac4418035a58926ad413bf59c77dc70254917e3f0e92e50ce7f02e5c13d5bef552163,2024-01-17 21:58:15.12044,06b20bf2caf416291caeb6a48e61d1ece674410b472189f86a64115d16cbf8854b37a3a0a48efd90f10fa8ac67ad3391fd090d2e3f207ec2f310418662d9ab5e,3.000094s
2024-01-17 21:58:12.11905,d806486288e622f4b99b586c633e4506867f1efab8e63c7dfd4aa591e68ac4418035a58926ad413bf59c77dc70254917e3f0e92e50ce7f02e5c13d5bef552163,2024-01-17 21:58:15.12043,cfba18c66fadc95c81e57cd829102b9e8fe21a4f34e715ff6edf3946e086cbee34274e7ace54249e40ca47ccba86216c9d1ec26a23ea40d76a3ba96e65ce8382,3.000138s
2024-01-17 21:58:12.12247,d806486288e622f4b99b586c633e4506867f1efab8e63c7dfd4aa591e68ac4418035a58926ad413bf59c77dc70254917e3f0e92e50ce7f02e5c13d5bef552163,2024-01-17 21:58:15.12265,1ccc06e1f4e2ff5e7781ce84775d9967dbb8a764b8adecfcd9c2bb5417e89e289dd2df9d7d542c4940b6df0348ef50c3d7f57fed6ead2eb56cc3815ce9d972b4,3.000018s
2024-01-17 22:06:10.02123,d806486288e622f4b99b586c633e4506867f1efab8e63c7dfd4aa591e68ac4418035a58926ad413bf59c77dc70254917e3f0e92e50ce7f02e5c13d5bef552163,2024-01-17 22:06:13.02361,cfba18c66fadc95c81e57cd829102b9e8fe21a4f34e715ff6edf3946e086cbee34274e7ace54249e40ca47ccba86216c9d1ec26a23ea40d76a3ba96e65ce8382,3.000238s
2024-01-17 22:06:20.03335,d806486288e622f4b99b586c633e4506867f1efab8e63c7dfd4aa591e68ac4418035a58926ad413bf59c77dc70254917e3f0e92e50ce7f02e5c13d5bef552163,2024-01-17 22:06:20.03355,06b20bf2caf416291caeb6a48e61d1ece674410b472189f86a64115d16cbf8854b37a3a0a48efd90f10fa8ac67ad3391fd090d2e3f207ec2f310418662d9ab5e,0.000020s
2024-01-17 22:06:20.03749,d806486288e622f4b99b586c633e4506867f1efab8e63c7dfd4aa591e68ac4418035a58926ad413bf59c77dc70254917e3f0e92e50ce7f02e5c13d5bef552163,2024-01-17 22:09:53.45578,1ccc06e1f4e2ff5e7781ce84775d9967dbb8a764b8adecfcd9c2bb5417e89e289dd2df9d7d542c4940b6df0348ef50c3d7f57fed6ead2eb56cc3815ce9d972b4,213.041829s
2024-01-17 22:09:53.46428,d806486288e622f4b99b586c633e4506867f1efab8e63c7dfd4aa591e68ac4418035a58926ad413bf59c77dc70254917e3f0e92e50ce7f02e5c13d5bef552163,2024-01-17 22:09:56.46642,06b20bf2caf416291caeb6a48e61d1ece674410b472189f86a64115d16cbf8854b37a3a0a48efd90f10fa8ac67ad3391fd090d2e3f207ec2f310418662d9ab5e,3.000214s
2024-01-17 22:40:43.97176,d806486288e622f4b99b586c633e4506867f1efab8e63c7dfd4aa591e68ac4418035a58926ad413bf59c77dc70254917e3f0e92e50ce7f02e5c13d5bef552163,2024-01-17 22:40:46.97313,1ccc06e1f4e2ff5e7781ce84775d9967dbb8a764b8adecfcd9c2bb5417e89e289dd2df9d7d542c4940b6df0348ef50c3d7f57fed6ead2eb56cc3815ce9d972b4,3.000137s
2024-01-17 22:40:53.98236,d806486288e622f4b99b586c633e4506867f1efab8e63c7dfd4aa591e68ac4418035a58926ad413bf59c77dc70254917e3f0e92e50ce7f02e5c13d5bef552163,2024-01-17 22:40:53.98274,06b20bf2caf416291caeb6a48e61d1ece674410b472189f86a64115d16cbf8854b37a3a0a48efd90f10fa8ac67ad3391fd090d2e3f207ec2f310418662d9ab5e,0.000038s
2024-01-17 22:41:17.64922,d806486288e622f4b99b586c633e4506867f1efab8e63c7dfd4aa591e68ac4418035a58926ad413bf59c77dc70254917e3f0e92e50ce7f02e5c13d5bef552163,2024-01-17 22:41:17.64939,06b20bf2caf416291caeb6a48e61d1ece674410b472189f86a64115d16cbf8854b37a3a0a48efd90f10fa8ac67ad3391fd090d2e3f207ec2f310418662d9ab5e,0.000017s
2024-01-17 22:42:02.19546,d806486288e622f4b99b586c633e4506867f1efab8e63c7dfd4aa591e68ac4418035a58926ad413bf59c77dc70254917e3f0e92e50ce7f02e5c13d5bef552163,2024-01-17 22:42:05.19733,06b20bf2caf416291caeb6a48e61d1ece674410b472189f86a64115d16cbf8854b37a3a0a48efd90f10fa8ac67ad3391fd090d2e3f207ec2f310418662d9ab5e,3.000187s
2024-01-17 22:48:49.09981,d806486288e622f4b99b586c633e4506867f1efab8e63c7dfd4aa591e68ac4418035a58926ad413bf59c77dc70254917e3f0e92e50ce7f02e5c13d5bef552163,2024-01-17 22:48:52.10189,06b20bf2caf416291caeb6a48e61d1ece674410b472189f86a64115d16cbf8854b37a3a0a48efd90f10fa8ac67ad3391fd090d2e3f207ec2f310418662d9ab5e,3.000208s
2024-01-17 22:48:49.10013,d806486288e622f4b99b586c633e4506867f1efab8e63c7dfd4aa591e68ac4418035a58926ad413bf59c77dc70254917e3f0e92e50ce7f02e5c13d5bef552163,2024-01-17 22:48:52.10192,1ccc06e1f4e2ff5e7781ce84775d9967dbb8a764b8adecfcd9c2bb5417e89e289dd2df9d7d542c4940b6df0348ef50c3d7f57fed6ead2eb56cc3815ce9d972b4,3.000179s
2024-01-18 00:23:29.82576,d806486288e622f4b99b586c633e4506867f1efab8e63c7dfd4aa591e68ac4418035a58926ad413bf59c77dc70254917e3f0e92e50ce7f02e5c13d5bef552163,2024-01-18 00:23:29.82602,06b20bf2caf416291caeb6a48e61d1ece674410b472189f86a64115d16cbf8854b37a3a0a48efd90f10fa8ac67ad3391fd090d2e3f207ec2f310418662d9ab5e,0.000026s
2024-01-18 00:23:29.82623,d806486288e622f4b99b586c633e4506867f1efab8e63c7dfd4aa591e68ac4418035a58926ad413bf59c77dc70254917e3f0e92e50ce7f02e5c13d5bef552163,2024-01-18 00:23:29.82630,1ccc06e1f4e2ff5e7781ce84775d9967dbb8a764b8adecfcd9c2bb5417e89e289dd2df9d7d542c4940b6df0348ef50c3d7f57fed6ead2eb56cc3815ce9d972b4,0.000007s
2024-01-18 00:23:29.82659,d806486288e622f4b99b586c633e4506867f1efab8e63c7dfd4aa591e68ac4418035a58926ad413bf59c77dc70254917e3f0e92e50ce7f02e5c13d5bef552163,2024-01-18 00:23:32.82688,06b20bf2caf416291caeb6a48e61d1ece674410b472189f86a64115d16cbf8854b37a3a0a48efd90f10fa8ac67ad3391fd090d2e3f207ec2f310418662d9ab5e,3.000029s
2024-01-18 00:23:29.82679,d806486288e622f4b99b586c633e4506867f1efab8e63c7dfd4aa591e68ac4418035a58926ad413bf59c77dc70254917e3f0e92e50ce7f02e5c13d5bef552163,2024-01-18 00:23:32.82688,1ccc06e1f4e2ff5e7781ce84775d9967dbb8a764b8adecfcd9c2bb5417e89e289dd2df9d7d542c4940b6df0348ef50c3d7f57fed6ead2eb56cc3815ce9d972b4,3.000009s
2024-01-18 00:48:38.96641,d806486288e622f4b99b586c633e4506867f1efab8e63c7dfd4aa591e68ac4418035a58926ad413bf59c77dc70254917e3f0e92e50ce7f02e5c13d5bef552163,2024-01-18 02:48:39.14301,06b20bf2caf416291caeb6a48e61d1ece674410b472189f86a64115d16cbf8854b37a3a0a48efd90f10fa8ac67ad3391fd090d2e3f207ec2f310418662d9ab5e,7200.917660s
2024-01-18 00:48:38.96691,d806486288e622f4b99b586c633e4506867f1efab8e63c7dfd4aa591e68ac4418035a58926ad413bf59c77dc70254917e3f0e92e50ce7f02e5c13d5bef552163,2024-01-18 02:48:39.14324,1ccc06e1f4e2ff5e7781ce84775d9967dbb8a764b8adecfcd9c2bb5417e89e289dd2df9d7d542c4940b6df0348ef50c3d7f57fed6ead2eb56cc3815ce9d972b4,7200.917633s
2024-01-18 00:48:38.96641,d806486288e622f4b99b586c633e4506867f1efab8e63c7dfd4aa591e68ac4418035a58926ad413bf59c77dc70254917e3f0e92e50ce7f02e5c13d5bef552163,2024-01-18 02:48:39.16749,06b20bf2caf416291caeb6a48e61d1ece674410b472189f86a64115d16cbf8854b37a3a0a48efd90f10fa8ac67ad3391fd090d2e3f207ec2f310418662d9ab5e,7200.920108s
2024-01-18 04:48:47.10380,d806486288e622f4b99b586c633e4506867f1efab8e63c7dfd4aa591e68ac4418035a58926ad413bf59c77dc70254917e3f0e92e50ce7f02e5c13d5bef552163,2024-01-18 04:48:50.10458,06b20bf2caf416291caeb6a48e61d1ece674410b472189f86a64115d16cbf8854b37a3a0a48efd90f10fa8ac67ad3391fd090d2e3f207ec2f310418662d9ab5e,3.000078s
2024-01-18 05:49:42.62712,d806486288e622f4b99b586c633e4506867f1efab8e63c7dfd4aa591e68ac4418035a58926ad413bf59c77dc70254917e3f0e92e50ce7f02e5c13d5bef552163,2024-01-18 05:49:45.63078,06b20bf2caf416291caeb6a48e61d1ece674410b472189f86a64115d16cbf8854b37a3a0a48efd90f10fa8ac67ad3391fd090d2e3f207ec2f310418662d9ab5e,3.000366s
2024-01-18 08:05:49.14255,d806486288e622f4b99b586c633e4506867f1efab8e63c7dfd4aa591e68ac4418035a58926ad413bf59c77dc70254917e3f0e92e50ce7f02e5c13d5bef552163,2024-01-18 08:05:49.14315,06b20bf2caf416291caeb6a48e61d1ece674410b472189f86a64115d16cbf8854b37a3a0a48efd90f10fa8ac67ad3391fd090d2e3f207ec2f310418662d9ab5e,0.000060s
2024-01-18 08:50:52.73431,d806486288e622f4b99b586c633e4506867f1efab8e63c7dfd4aa591e68ac4418035a58926ad413bf59c77dc70254917e3f0e92e50ce7f02e5c13d5bef552163,2024-01-18 08:50:52.73472,06b20bf2caf416291caeb6a48e61d1ece674410b472189f86a64115d16cbf8854b37a3a0a48efd90f10fa8ac67ad3391fd090d2e3f207ec2f310418662d9ab5e,0.000041s
2024-01-18 08:57:48.21292,d806486288e622f4b99b586c633e4506867f1efab8e63c7dfd4aa591e68ac4418035a58926ad413bf59c77dc70254917e3f0e92e50ce7f02e5c13d5bef552163,2024-01-18 08:57:51.21439,06b20bf2caf416291caeb6a48e61d1ece674410b472189f86a64115d16cbf8854b37a3a0a48efd90f10fa8ac67ad3391fd090d2e3f207ec2f310418662d9ab5e,3.000147s
2024-01-18 09:19:23.75768,d806486288e622f4b99b586c633e4506867f1efab8e63c7dfd4aa591e68ac4418035a58926ad413bf59c77dc70254917e3f0e92e50ce7f02e5c13d5bef552163,2024-01-18 09:19:23.75818,06b20bf2caf416291caeb6a48e61d1ece674410b472189f86a64115d16cbf8854b37a3a0a48efd90f10fa8ac67ad3391fd090d2e3f207ec2f310418662d9ab5e,0.000050s
2024-01-18 09:19:33.88372,d806486288e622f4b99b586c633e4506867f1efab8e63c7dfd4aa591e68ac4418035a58926ad413bf59c77dc70254917e3f0e92e50ce7f02e5c13d5bef552163,2024-01-18 09:19:36.88596,06b20bf2caf416291caeb6a48e61d1ece674410b472189f86a64115d16cbf8854b37a3a0a48efd90f10fa8ac67ad3391fd090d2e3f207ec2f310418662d9ab5e,3.000224s
2024-01-18 11:50:54.91922,d806486288e622f4b99b586c633e4506867f1efab8e63c7dfd4aa591e68ac4418035a58926ad413bf59c77dc70254917e3f0e92e50ce7f02e5c13d5bef552163,2024-01-18 11:50:57.92029,06b20bf2caf416291caeb6a48e61d1ece674410b472189f86a64115d16cbf8854b37a3a0a48efd90f10fa8ac67ad3391fd090d2e3f207ec2f310418662d9ab5e,3.000107s
2024-01-18 13:13:38.28725,d806486288e622f4b99b586c633e4506867f1efab8e63c7dfd4aa591e68ac4418035a58926ad413bf59c77dc70254917e3f0e92e50ce7f02e5c13d5bef552163,2024-01-18 13:13:38.28755,06b20bf2caf416291caeb6a48e61d1ece674410b472189f86a64115d16cbf8854b37a3a0a48efd90f10fa8ac67ad3391fd090d2e3f207ec2f310418662d9ab5e,0.000030s
2024-01-18 13:48:01.22579,d806486288e622f4b99b586c633e4506867f1efab8e63c7dfd4aa591e68ac4418035a58926ad413bf59c77dc70254917e3f0e92e50ce7f02e5c13d5bef552163,2024-01-18 13:48:04.22632,06b20bf2caf416291caeb6a48e61d1ece674410b472189f86a64115d16cbf8854b37a3a0a48efd90f10fa8ac67ad3391fd090d2e3f207ec2f310418662d9ab5e,3.000053s
2024-01-18 14:35:42.71190,d806486288e622f4b99b586c633e4506867f1efab8e63c7dfd4aa591e68ac4418035a58926ad413bf59c77dc70254917e3f0e92e50ce7f02e5c13d5bef552163,2024-01-18 14:51:10.59046,06b20bf2caf416291caeb6a48e61d1ece674410b472189f86a64115d16cbf8854b37a3a0a48efd90f10fa8ac67ad3391fd090d2e3f207ec2f310418662d9ab5e,927.987856s
2024-01-18 14:35:42.71190,d806486288e622f4b99b586c633e4506867f1efab8e63c7dfd4aa591e68ac4418035a58926ad413bf59c77dc70254917e3f0e92e50ce7f02e5c13d5bef552163,2024-01-18 14:51:10.59021,06b20bf2caf416291caeb6a48e61d1ece674410b472189f86a64115d16cbf8854b37a3a0a48efd90f10fa8ac67ad3391fd090d2e3f207ec2f310418662d9ab5e,927.987831s
